{
  "tabs": [
    {
      "name": "細胞",
      "buttons": [
        {
          "id": "button1",
          "title": "細胞の研究と大きさ",
          "questions": [
            {
              "question": "(　)はコルク薄片を顕微鏡で観察して細胞を発見した。",
              "choices": ["フック", "ブラウン", "シュライデン", "シュワン"],
              "correct_answer": 0
            },
            {
              "question": "「細胞が生物の基本単位である」という考えを(　)という。",
              "choices": ["細胞内共生説", "細胞説", "細胞基本単位説", "基本単位説"],
              "correct_answer": 1
            }
          ]
        },
        {
          "id": "button2",
          "title": "細胞の構造と機能",
          "questions": [
            {
              "question": "細胞内部は核とそれ以外の(　)に分けられる。",
              "choices": ["細胞質", "ゴルジ体", "ミトコンドリア", "リボソーム"],
              "correct_answer": 0
            },
            {
              "question": "染色体は主に(　)とヒストンからなる繊維状物質である。",
              "choices": ["DNA", "RNA", "セントロメア", "ヒストン"],
              "correct_answer": 0
            },
            {
              "question": "リボソームは(　)合成の場である。",
              "choices": ["タンパク質", "核酸", "脂質", "多糖類"],
              "correct_answer": 0
            },
            {
              "question": "細胞の分泌活動に関係する細胞小器官は(　)である。",
              "choices": ["ゴルジ体", "ミトコンドリア", "核膜", "細胞膜"],
              "correct_answer": 0
            },
            {
              "question": "リソソームは内部に(　)を含み、(　)の働きをする。",
              "choices": ["加水分解酵素、細胞内消化", "酸素、酸化反応", "DNA、複製", "RNA、転写"],
              "correct_answer": 0
            },
            {
              "question": "ミトコンドリアは(　)の場であり、有機物から(　)を合成する。",
              "choices": ["呼吸、ATP", "光合成、グルコース", "脂肪合成、脂質", "アミノ酸合成、タンパク質"],
              "correct_answer": 0
            },
            {
              "question": "中心体は(　)が円筒上に並んだ(　)2個からなる。",
              "choices": ["微小管、中心粒(中心小体)", "アクチンフィラメント、核", "中間径フィラメント、リボソーム", "ペリオキシソーム、ミトコンドリア"],
              "correct_answer": 0
            },
            {
              "question": "微小管は( )チューブリンと( )チューブリンからなる。",
              "choices": ["アルファ,ベータ", "アルファ,ガンマ", "Ⅰ型,Ⅱ型","A,B"],
              "correct_answer": 0
            },
            {
              "question": "核膜には多数の( )がある。",
              "choices": ["核膜孔", "細胞突起", "シグナル配列", "穿孔"],
              "correct_answer": 0
            },
            {
              "question": "リボソームが付着していない小胞体を( )という。",
              "choices": ["滑面小胞体", "粗面小胞体", "ミトコンドリア", "ゴルジ体"],
              "correct_answer": 0
            },
            {
              "question": "ポンプは、( )のエネルギーに逆らって濃度勾配に逆らって物質を輸送する。",
              "choices": ["ATP", "ADP", "電子", "ポテンシャル"],
              "correct_answer": 0
            },
            {
              "question": "細胞分画法を行う上で、等張液中で行わなければならない理由は。",
              "choices": ["細胞小器官の破裂を防ぐため", "細胞の活性を高めるため", "細胞内の物質交換を促進するため", "DNAの損傷を防ぐため"
              ],
              "correct_answer": 0
            },
            {
              "question": "細胞分画法を行う上で、低温で行わなければならない理由は。",
              "choices": ["分解酵素の働きを抑えるため", "細胞の代謝を活性化させるため", "細胞膜の流動性を高めるため", "細胞内の反応速度を速めるため"
              ],
              "correct_answer": 0
            },
            {
              "question": "細胞分画法を行う上で、pHを一定に保たなければならない理由は？",
              "choices": ["タンパク質の変性を防ぐため", "細胞内のpHを変化させるため", "細胞膜の透過性を調整するため", "細胞分裂を促進するため"
              ],
              "correct_answer": 0
            }
          ]
        },
        {
          "id": "button3",
          "title": "動物の組織",
          "questions": [
            {
              "question": "アルカンの性質のbutton3の問題1",
              "choices": ["選択肢1", "選択肢2", "選択肢3", "選択肢4"],
              "correct_answer": 0
            }
          ]
        },
        {
          "id": "button4",
          "title": "植物の組織",
          "questions": [
            {
              "question": "アルコール+の問題文4",
              "choices": ["選択肢1", "選択肢2", "選択肢3", "選択肢4"],
              "correct_answer": 0
            }
          ]
        },
        {
          "id": "button5",
          "title": "細胞膜の構造",
          "questions": [
            {
              "question": "アルコール+の問題文5",
              "choices": ["選択肢1", "選択肢2", "選択肢3", "選択肢4"],
              "correct_answer": 0
            }
          ]
        },
        {
          "id": "button6",
          "title": "細胞膜の性質",
          "questions": [
            {
              "question": "アルコール+の問題文6",
              "choices": ["選択肢1", "選択肢2", "選択肢3", "選択肢4"],
              "correct_answer": 0
            }
          ]
        },
        {
          "id": "button7",
          "title": "生体を構成する物質",
          "questions": [
            {
              "question": "アルコール+の問題文7",
              "choices": ["選択肢1", "選択肢2", "選択肢3", "選択肢4"],
              "correct_answer": 0
            }
          ]
        },
        {
          "id": "button8",
          "title": "タンパク質",
          "questions": [
            {
              "question": "アルコール+の問題文8",
              "choices": ["選択肢1", "選択肢2", "選択肢3", "選択肢4"],
              "correct_answer": 0
            }
          ]
        },
        {
          "id": "button9",
          "title": "細胞と浸透",
          "questions": [
            {
              "question": "アルコール+の問題文9",
              "choices": ["選択肢1", "選択肢2", "選択肢3", "選択肢4"],
              "correct_answer": 0
            }
          ]
        },
        {
          "id": "button10",
          "title": "細胞のまとめ",
          "questions": [
            {
              "question": "アルコール+の問題文10",
              "choices": ["選択肢1", "選択肢2", "選択肢3", "選択肢4"],
              "correct_answer": 0
            }
          ]
        }
      ]
    },
    {
      "name": "英単語",
      "buttons": [
        {
          "id": "button1",
          "title": "アルコール",
          "questions": [
            {
              "question": "アルコール+の問題文1",
              "choices": ["選択肢1", "選択肢2", "選択肢3", "選択肢4"],
              "correct_answer": 0
            }
          ]
        },
        {
          "id": "button2",
          "title": "アルコールの融点と沸点",
          "questions": [
            {
              "question": "分子の形が、直鎖形、枝分かれ型、球形の有機化合物の異性体について、「対称性」の高い順に並べると、",
              "choices": ["球形＞直鎖形＞枝分かれ形", "２", "３", "４"],
              "correct_answer": 0
            }
          ]
        },
        {
          "id": "button3",
          "title": "アルコールとエーテル",
          "questions": [
            {
              "question": "分子の形が、直鎖形、枝分かれ型、球形の有機化合物の異性体について、「対称性」の高い順に並べると、",
              "choices": ["球形＞直鎖形＞枝分かれ形", "２", "３", "４"],
              "correct_answer": 0
            }
          ]
        },
        {
          "id": "button4",
          "title": "アルコール2",
          "questions": [
            {
              "question": "分子の形が、直鎖形、枝分かれ型、球形の有機化合物の異性体について、「対称性」の高い順に並べると、",
              "choices": ["球形＞直鎖形＞枝分かれ形", "２", "３", "４"],
              "correct_answer": 0
            }
          ]
        },
        {
          "id": "button5",
          "title": "アルコール3",
          "questions": [
            {
              "question": "分子の形が、直鎖形、枝分かれ型、球形の有機化合物の異性体について、「対称性」の高い順に並べると、",
              "choices": ["球形＞直鎖形＞枝分かれ形", "２", "３", "４"],
              "correct_answer": 0
            }
          ]
        },
        {
          "id": "button6",
          "title": "エーテル",
          "questions": [
            {
              "question": "分子の形が、直鎖形、枝分かれ型、球形の有機化合物の異性体について、「対称性」の高い順に並べると、",
              "choices": ["球形＞直鎖形＞枝分かれ形", "２", "３", "４"],
              "correct_answer": 0
            }
          ]
        },
        {
          "id": "button7",
          "title": "アルデヒド",
          "questions": [
            {
              "question": "分子の形が、直鎖形、枝分かれ型、球形の有機化合物の異性体について、「対称性」の高い順に並べると、",
              "choices": ["球形＞直鎖形＞枝分かれ形", "２", "３", "４"],
              "correct_answer": 0
            }
          ]
        },
        {
          "id": "button8",
          "title": "アルデヒド2",
          "questions": [
            {
              "question": "分子の形が、直鎖形、枝分かれ型、球形の有機化合物の異性体について、「対称性」の高い順に並べると、",
              "choices": ["球形＞直鎖形＞枝分かれ形", "２", "３", "４"],
              "correct_answer": 0
            }
          ]
        },
        {
          "id": "button9",
          "title": "ケトンとヨードホルム反応",
          "questions": [
            {
              "question": "分子の形が、直鎖形、枝分かれ型、球形の有機化合物の異性体について、「対称性」の高い順に並べると、",
              "choices": ["球形＞直鎖形＞枝分かれ形", "２", "３", "４"],
              "correct_answer": 0
            }
          ]
        },
        {
          "id": "button10",
          "title": "診断テスト:アルコール",
          "questions": [
            {
              "question": "分子の形が、直鎖形、枝分かれ型、球形の有機化合物の異性体について、「対称性」の高い順に並べると、",
              "choices": ["球形＞直鎖形＞枝分かれ形", "２", "３", "４"],
              "correct_answer": 0
            }
          ]
        }
      ]
    },
    {
      "name": "油脂・セッケン",
      "buttons": [
        {
          "id": "button1",
          "title": "油脂と脂肪酸",
          "questions": [
            {
              "question": "グリセリンは(　)",
              "choices": ["不正炭素原子を持たない", "不正炭素原子を持つ", "3価のカルボン酸である", "2価のアルコールである"],
              "correct_answer": 0
            },
            {
              "question": "油脂に水酸化ナトリウム水溶液を加えて加熱すると(　)が起こる。",
              "choices": ["加水分解", "脱水反応", "中和反応", "エステル化"],
              "correct_answer": 0
            }
          ]
        },
        {
          "id": "button2",
          "title": "油脂の分類",
          "questions": [
            {
              "question": "問題文",
              "choices": ["1", "2", "3", "4"],
              "correct_answer": 0
            },
            {
              "question": "問題文",
              "choices": ["1", "2", "3", "4"],
              "correct_answer": 0
            }
          ]
        },
        {
          "id": "button3",
          "title": "セッケン1",
          "questions": [
            {
              "question": "問題文",
              "choices": ["1", "2", "3", "4"],
              "correct_answer": 0
            },
            {
              "question": "問題文",
              "choices": ["1", "2", "3", "4"],
              "correct_answer": 0
            }
          ]
        },
        {
          "id": "button4",
          "title": "セッケン2",
          "questions": [
            {
              "question": "問題文",
              "choices": ["1", "2", "3", "4"],
              "correct_answer": 0
            },
            {
              "question": "問題文",
              "choices": ["1", "2", "3", "4"],
              "correct_answer": 0
            }
          ]
        },
        {
          "id": "button5",
          "title": "けん化、ヨウ素との反応",
          "questions": [
            {
              "question": "問題文",
              "choices": ["1", "2", "3", "4"],
              "correct_answer": 0
            },
            {
              "question": "問題文",
              "choices": ["1", "2", "3", "4"],
              "correct_answer": 0
            }
          ]
        },
        {
          "id": "button6",
          "title": "けん化、ヨウ素との反応",
          "questions": [
            {
              "question": "問題文",
              "choices": ["1", "2", "3", "4"],
              "correct_answer": 0
            },
            {
              "question": "問題文",
              "choices": ["1", "2", "3", "4"],
              "correct_answer": 0
            }
          ]
        },
        {
          "id": "button7",
          "title": "けん化価とヨウ素価2",
          "questions": [
            {
              "question": "問題文",
              "choices": ["1", "2", "3", "4"],
              "correct_answer": 0
            },
            {
              "question": "問題文",
              "choices": ["1", "2", "3", "4"],
              "correct_answer": 0
            }
          ]
        },
        {
          "id": "button8",
          "title": "けん化価とヨウ素価3",
          "questions": [
            {
              "question": "問題文",
              "choices": ["1", "2", "3", "4"],
              "correct_answer": 0
            },
            {
              "question": "問題文",
              "choices": ["1", "2", "3", "4"],
              "correct_answer": 0
            }
          ]
        },
        {
          "id": "button9",
          "title": "油脂・セッケンのまとめ",
          "questions": [
            {
              "question": "問題文",
              "choices": ["1", "2", "3", "4"],
              "correct_answer": 0
            },
            {
              "question": "問題文",
              "choices": ["1", "2", "3", "4"],
              "correct_answer": 0
            }
          ]
        },
        {
          "id": "button10",
          "title": "油脂・セッケンのまとめ2",
          "questions": [
            {
              "question": "",
              "choices": ["1", "2", "3", "4"],
              "correct_answer": 0
            },
            {
              "question": "",
              "choices": ["1", "2", "3", "4"],
              "correct_answer": 0
            }
          ]
        }
      ]
    },
    {
      "name": "積分法",
      "buttons": [
        {
          "id": "button1",
          "title": "特殊な置換積分",
          "questions": [
            {
              "question": "次の不定積分を求めよ。\\[\n\\int \\frac{dx}{\\sqrt{1 - x^2}}\n\\])",
              "choices": ["\\(\\sin^{-1}(x) + C\\)",
                "\\(\\cos^{-1}(x) + C\\)",
                "\\(\\tan^{-1}(x) + C\\)",
                "\\(-\\cos^{-1}(x) + C\\)"
              ],
              "correct_answer": 0
            }
          ]
        }
      ]
    },
    {
      "name": "芳香族1",
      "buttons": [
        {
          "id": "button1",
          "title": "ボタン1のタイトル",
          "questions": [
            {
              "question": "炭化水素の問題文1",
              "choices": ["選択肢1", "選択肢2", "選択肢3", "選択肢4"],
              "correct_answer": 1
            }
          ]
        }
      ]
    },
    {
      "name": "芳香族2",
      "buttons": [
        {
          "id": "button1",
          "title": "ボタン1のタイトル",
          "questions": [
            {
              "question": "炭化水素の問題文1",
              "choices": ["選択肢1", "選択肢2", "選択肢3", "選択肢4"],
              "correct_answer": 1
            }
          ]
        }
      ]
    },
    {
      "name": "人間生活",
      "buttons": [
        {
          "id": "button1",
          "title": "ボタン1のタイトル",
          "questions": [
            {
              "question": "炭化水素の問題文1",
              "choices": ["選択肢1", "選択肢2", "選択肢3", "選択肢4"],
              "correct_answer": 1
            }
          ]
        }
      ]
    },
    {
      "name": "代謝",
      "buttons": [
        {
          "id": "button1",
          "title": "ボタン1のタイトル",
          "questions": [
            {
              "question": "炭化水素の問題文1",
              "choices": ["選択肢1", "選択肢2", "選択肢3", "選択肢4"],
              "correct_answer": 1
            }
          ]
        }
      ]
    },
    {
      "name": "神経と効果器",
      "buttons": [
        {
          "id": "button1",
          "title": "ボタン1のタイトル",
          "questions": [
            {
              "question": "炭化水素の問題文1",
              "choices": ["選択肢1", "選択肢2", "選択肢3", "選択肢4"],
              "correct_answer": 1
            }
          ]
        }
      ]
    },
    {
      "name": "植物の環境応答",
      "buttons": [
        {
          "id": "button1",
          "title": "ボタン1のタイトル",
          "questions": [
            {
              "question": "炭化水素の問題文1",
              "choices": ["選択肢1", "選択肢2", "選択肢3", "選択肢4"],
              "correct_answer": 1
            }
          ]
        }
      ]
    },
    {
      "name": "生態系",
      "buttons": [
        {
          "id": "button1",
          "title": "ボタン1のタイトル",
          "questions": [
            {
              "question": "炭化水素の問題文1",
              "choices": ["選択肢1", "選択肢2", "選択肢3", "選択肢4"],
              "correct_answer": 1
            }
          ]
        }
      ]
    }
  ]
}